/*
 Navicat MySQL Data Transfer

 Source Server         : localhost
 Source Server Type    : MySQL
 Source Server Version : 50720
 Source Host           : localhost
 Source Database       : article

 Target Server Type    : MySQL
 Target Server Version : 50720
 File Encoding         : utf-8

 Date: 04/23/2018 12:02:21 PM
*/

SET NAMES utf8;
SET FOREIGN_KEY_CHECKS = 0;

-- ----------------------------
--  Table structure for `cache`
-- ----------------------------
DROP TABLE IF EXISTS `cache`;
CREATE TABLE `cache` (
  `url` varchar(255) NOT NULL,
  `read` bit(1) DEFAULT NULL,
  `level` text,
  PRIMARY KEY (`url`)
) ENGINE=InnoDB DEFAULT CHARSET=utf8;

-- ----------------------------
--  Records of `cache`
-- ----------------------------
BEGIN;
INSERT INTO `cache` VALUES ('https://www.xvideos.com/', b'0', '[\"https://www.xvideos.com/\",\"https://www.xvideos.com/video10911387/2625079/0/first_sexual_experiment_on_sex_party\",\"https://www.xvideos.com/\"]'), ('https://www.xvideos.com/?k=%E1%9E%85&trend=KH', b'0', '[\"https://www.xvideos.com/\",\"https://www.xvideos.com/?k=%E1%9E%85&trend=KH\"]'), ('https://www.xvideos.com/?k=%E6%97%A5%E6%9C%AC%E5%89%A7%E6%83%85&trend=KH', b'0', '[\"https://www.xvideos.com/\",\"https://www.xvideos.com/?k=%E6%97%A5%E6%9C%AC%E5%89%A7%E6%83%85&trend=KH\"]'), ('https://www.xvideos.com/?k=%E6%9E%81%E5%93%81&trend=KH', b'0', '[\"https://www.xvideos.com/\",\"https://www.xvideos.com/?k=%E6%9E%81%E5%93%81&trend=KH\"]'), ('https://www.xvideos.com/?k=1&trend=KH', b'0', '[\"https://www.xvideos.com/\",\"https://www.xvideos.com/?k=1&trend=KH\"]'), ('https://www.xvideos.com/?k=2016&trend=KH', b'0', '[\"https://www.xvideos.com/\",\"https://www.xvideos.com/?k=2016&trend=KH\"]'), ('https://www.xvideos.com/?k=Actress&trend=KH', b'0', '[\"https://www.xvideos.com/\",\"https://www.xvideos.com/?k=Actress&trend=KH\"]'), ('https://www.xvideos.com/?k=Asahi+mizuno&trend=KH', b'0', '[\"https://www.xvideos.com/\",\"https://www.xvideos.com/?k=Asahi+mizuno&trend=KH\"]'), ('https://www.xvideos.com/?k=Asian+sister&trend=KH', b'0', '[\"https://www.xvideos.com/\",\"https://www.xvideos.com/?k=Asian+sister&trend=KH\"]'), ('https://www.xvideos.com/?k=Babes&trend=KH', b'0', '[\"https://www.xvideos.com/\",\"https://www.xvideos.com/?k=Babes&trend=KH\"]'), ('https://www.xvideos.com/?k=Beautiful+eyes&trend=KH', b'0', '[\"https://www.xvideos.com/\",\"https://www.xvideos.com/?k=Beautiful+eyes&trend=KH\"]'), ('https://www.xvideos.com/?k=Big+dick&trend=KH', b'0', '[\"https://www.xvideos.com/\",\"https://www.xvideos.com/?k=Big+dick&trend=KH\"]'), ('https://www.xvideos.com/?k=bigo⊤\"', b'0', '[\"https://www.xvideos.com/\",\"https://www.xvideos.com/?k=bigo⊤\\\"\"]'), ('https://www.xvideos.com/?k=Brazzer&trend=KH', b'0', '[\"https://www.xvideos.com/\",\"https://www.xvideos.com/?k=Brazzer&trend=KH\"]'), ('https://www.xvideos.com/?k=cambodia⊤\"', b'0', '[\"https://www.xvideos.com/\",\"https://www.xvideos.com/?k=cambodia⊤\\\"\"]'), ('https://www.xvideos.com/?k=china⊤\"', b'0', '[\"https://www.xvideos.com/\",\"https://www.xvideos.com/?k=china⊤\\\"\"]'), ('https://www.xvideos.com/?k=cute⊤\"', b'0', '[\"https://www.xvideos.com/\",\"https://www.xvideos.com/?k=cute⊤\\\"\"]'), ('https://www.xvideos.com/?k=Dj+soda&trend=KH', b'0', '[\"https://www.xvideos.com/\",\"https://www.xvideos.com/?k=Dj+soda&trend=KH\"]'), ('https://www.xvideos.com/?k=Dj+soda+korea&trend=KH', b'0', '[\"https://www.xvideos.com/\",\"https://www.xvideos.com/?k=Dj+soda+korea&trend=KH\"]'), ('https://www.xvideos.com/?k=Ex+gf&trend=KH', b'0', '[\"https://www.xvideos.com/\",\"https://www.xvideos.com/?k=Ex+gf&trend=KH\"]'), ('https://www.xvideos.com/?k=Full+movies&trend=KH', b'0', '[\"https://www.xvideos.com/\",\"https://www.xvideos.com/?k=Full+movies&trend=KH\"]'), ('https://www.xvideos.com/?k=Hav&trend=KH', b'0', '[\"https://www.xvideos.com/\",\"https://www.xvideos.com/?k=Hav&trend=KH\"]'), ('https://www.xvideos.com/?k=hd⊤\"', b'0', '[\"https://www.xvideos.com/\",\"https://www.xvideos.com/?k=hd⊤\\\"\"]'), ('https://www.xvideos.com/?k=Hentai+anime&trend=KH', b'0', '[\"https://www.xvideos.com/\",\"https://www.xvideos.com/?k=Hentai+anime&trend=KH\"]'), ('https://www.xvideos.com/?k=Horrorporn&trend=KH', b'0', '[\"https://www.xvideos.com/\",\"https://www.xvideos.com/?k=Horrorporn&trend=KH\"]'), ('https://www.xvideos.com/?k=Hot+body&trend=KH', b'0', '[\"https://www.xvideos.com/\",\"https://www.xvideos.com/?k=Hot+body&trend=KH\"]'), ('https://www.xvideos.com/?k=Hot+guys+fuck&trend=KH', b'0', '[\"https://www.xvideos.com/\",\"https://www.xvideos.com/?k=Hot+guys+fuck&trend=KH\"]'), ('https://www.xvideos.com/?k=Indians+watching+porn+and+having+sex&trend=KH', b'0', '[\"https://www.xvideos.com/\",\"https://www.xvideos.com/?k=Indians+watching+porn+and+having+sex&trend=KH\"]'), ('https://www.xvideos.com/?k=Janpan&trend=KH', b'0', '[\"https://www.xvideos.com/\",\"https://www.xvideos.com/?k=Janpan&trend=KH\"]'), ('https://www.xvideos.com/?k=Japan+jav&trend=KH', b'0', '[\"https://www.xvideos.com/\",\"https://www.xvideos.com/?k=Japan+jav&trend=KH\"]'), ('https://www.xvideos.com/?k=Japanese+massage+sex&trend=KH', b'0', '[\"https://www.xvideos.com/\",\"https://www.xvideos.com/?k=Japanese+massage+sex&trend=KH\"]'), ('https://www.xvideos.com/?k=japanese+massage⊤\"', b'0', '[\"https://www.xvideos.com/\",\"https://www.xvideos.com/?k=japanese+massage⊤\\\"\"]'), ('https://www.xvideos.com/?k=japanese+mom⊤\"', b'0', '[\"https://www.xvideos.com/\",\"https://www.xvideos.com/?k=japanese+mom⊤\\\"\"]'), ('https://www.xvideos.com/?k=Japanese+nasty&trend=KH', b'0', '[\"https://www.xvideos.com/\",\"https://www.xvideos.com/?k=Japanese+nasty&trend=KH\"]'), ('https://www.xvideos.com/?k=japanese+sister⊤\"', b'0', '[\"https://www.xvideos.com/\",\"https://www.xvideos.com/?k=japanese+sister⊤\\\"\"]'), ('https://www.xvideos.com/?k=japanese+teen⊤\"', b'0', '[\"https://www.xvideos.com/\",\"https://www.xvideos.com/?k=japanese+teen⊤\\\"\"]'), ('https://www.xvideos.com/?k=japanese+wife⊤\"', b'0', '[\"https://www.xvideos.com/\",\"https://www.xvideos.com/?k=japanese+wife⊤\\\"\"]'), ('https://www.xvideos.com/?k=Japenese&trend=KH', b'0', '[\"https://www.xvideos.com/\",\"https://www.xvideos.com/?k=Japenese&trend=KH\"]'), ('https://www.xvideos.com/?k=Japuss&trend=KH', b'0', '[\"https://www.xvideos.com/\",\"https://www.xvideos.com/?k=Japuss&trend=KH\"]'), ('https://www.xvideos.com/?k=Jav+teacher&trend=KH', b'0', '[\"https://www.xvideos.com/\",\"https://www.xvideos.com/?k=Jav+teacher&trend=KH\"]'), ('https://www.xvideos.com/?k=jav⊤\"', b'0', '[\"https://www.xvideos.com/\",\"https://www.xvideos.com/?k=jav⊤\\\"\"]'), ('https://www.xvideos.com/?k=Kanno&trend=KH', b'0', '[\"https://www.xvideos.com/\",\"https://www.xvideos.com/?k=Kanno&trend=KH\"]'), ('https://www.xvideos.com/?k=Khmer+group&trend=KH', b'0', '[\"https://www.xvideos.com/\",\"https://www.xvideos.com/?k=Khmer+group&trend=KH\"]'), ('https://www.xvideos.com/?k=khmer⊤\"', b'0', '[\"https://www.xvideos.com/\",\"https://www.xvideos.com/?k=khmer⊤\\\"\"]'), ('https://www.xvideos.com/?k=Kore&trend=KH', b'0', '[\"https://www.xvideos.com/\",\"https://www.xvideos.com/?k=Kore&trend=KH\"]'), ('https://www.xvideos.com/?k=Korean+beauty&trend=KH', b'0', '[\"https://www.xvideos.com/\",\"https://www.xvideos.com/?k=Korean+beauty&trend=KH\"]'), ('https://www.xvideos.com/?k=korean+movie⊤\"', b'0', '[\"https://www.xvideos.com/\",\"https://www.xvideos.com/?k=korean+movie⊤\\\"\"]'), ('https://www.xvideos.com/?k=korea⊤\"', b'0', '[\"https://www.xvideos.com/\",\"https://www.xvideos.com/?k=korea⊤\\\"\"]'), ('https://www.xvideos.com/?k=Mom+teach+sex&trend=KH', b'0', '[\"https://www.xvideos.com/\",\"https://www.xvideos.com/?k=Mom+teach+sex&trend=KH\"]'), ('https://www.xvideos.com/?k=movie⊤\"', b'0', '[\"https://www.xvideos.com/\",\"https://www.xvideos.com/?k=movie⊤\\\"\"]'), ('https://www.xvideos.com/?k=Old+china&trend=KH', b'0', '[\"https://www.xvideos.com/\",\"https://www.xvideos.com/?k=Old+china&trend=KH\"]'), ('https://www.xvideos.com/?k=Play+dick&trend=KH', b'0', '[\"https://www.xvideos.com/\",\"https://www.xvideos.com/?k=Play+dick&trend=KH\"]'), ('https://www.xvideos.com/?k=Step+mom+big+tits&trend=KH', b'0', '[\"https://www.xvideos.com/\",\"https://www.xvideos.com/?k=Step+mom+big+tits&trend=KH\"]'), ('https://www.xvideos.com/?k=Subtitle&trend=KH', b'0', '[\"https://www.xvideos.com/\",\"https://www.xvideos.com/?k=Subtitle&trend=KH\"]'), ('https://www.xvideos.com/?k=Swimsuit+japanese+shaved+javhd&trend=KH', b'0', '[\"https://www.xvideos.com/\",\"https://www.xvideos.com/?k=Swimsuit+japanese+shaved+javhd&trend=KH\"]'), ('https://www.xvideos.com/?k=teacher⊤\"', b'0', '[\"https://www.xvideos.com/\",\"https://www.xvideos.com/?k=teacher⊤\\\"\"]'), ('https://www.xvideos.com/?k=Thai+2018&trend=KH', b'0', '[\"https://www.xvideos.com/\",\"https://www.xvideos.com/?k=Thai+2018&trend=KH\"]'), ('https://www.xvideos.com/?k=thailand⊤\"', b'0', '[\"https://www.xvideos.com/\",\"https://www.xvideos.com/?k=thailand⊤\\\"\"]'), ('https://www.xvideos.com/?k=thai⊤\"', b'0', '[\"https://www.xvideos.com/\",\"https://www.xvideos.com/?k=thai⊤\\\"\"]'), ('https://www.xvideos.com/?k=Tudung&trend=KH', b'0', '[\"https://www.xvideos.com/\",\"https://www.xvideos.com/?k=Tudung&trend=KH\"]'), ('https://www.xvideos.com/?k=Videos+caseros+de+mamas+arrechas&trend=KH', b'0', '[\"https://www.xvideos.com/\",\"https://www.xvideos.com/?k=Videos+caseros+de+mamas+arrechas&trend=KH\"]'), ('https://www.xvideos.com/?k=viet+nam⊤\"', b'0', '[\"https://www.xvideos.com/\",\"https://www.xvideos.com/?k=viet+nam⊤\\\"\"]'), ('https://www.xvideos.com/?k=Vietnam+live&trend=KH', b'0', '[\"https://www.xvideos.com/\",\"https://www.xvideos.com/?k=Vietnam+live&trend=KH\"]'), ('https://www.xvideos.com/?k=Vietnam+teen&trend=KH', b'0', '[\"https://www.xvideos.com/\",\"https://www.xvideos.com/?k=Vietnam+teen&trend=KH\"]'), ('https://www.xvideos.com/?k=vietnam⊤\"', b'0', '[\"https://www.xvideos.com/\",\"https://www.xvideos.com/?k=vietnam⊤\\\"\"]'), ('https://www.xvideos.com/?k=Vlxx&trend=KH', b'0', '[\"https://www.xvideos.com/\",\"https://www.xvideos.com/?k=Vlxx&trend=KH\"]'), ('https://www.xvideos.com/?k=Www+%E1%9E%9A%E1%9E%BF%E1%9E%84%E1%9E%9F%E1%9E%B7%E1%9E%85%E1%9E%81%E1%9F%92%E1%9E%98%E1%9F%82%E1%9E%9A&trend=KH', b'0', '[\"https://www.xvideos.com/\",\"https://www.xvideos.com/?k=Www+%E1%9E%9A%E1%9E%BF%E1%9E%84%E1%9E%9F%E1%9E%B7%E1%9E%85%E1%9E%81%E1%9F%92%E1%9E%98%E1%9F%82%E1%9E%9A&trend=KH\"]'), ('https://www.xvideos.com/?k=Xnxx%E1%9E%80%E1%9E%BC%E1%9E%9A%E1%9F%81&trend=KH', b'0', '[\"https://www.xvideos.com/\",\"https://www.xvideos.com/?k=Xnxx%E1%9E%80%E1%9E%BC%E1%9E%9A%E1%9F%81&trend=KH\"]'), ('https://www.xvideos.com/account', b'0', '[\"https://www.xvideos.com/\",\"https://www.xvideos.com/account\"]'), ('https://www.xvideos.com/account/create', b'0', '[\"https://www.xvideos.com/\",\"https://www.xvideos.com/account/create\"]'), ('https://www.xvideos.com/best', b'0', '[\"https://www.xvideos.com/\",\"https://www.xvideos.com/best\"]'), ('https://www.xvideos.com/c/Amateur-65', b'0', '[\"https://www.xvideos.com/\",\"https://www.xvideos.com/c/Amateur-65\"]'), ('https://www.xvideos.com/c/Anal-12', b'0', '[\"https://www.xvideos.com/\",\"https://www.xvideos.com/c/Anal-12\"]'), ('https://www.xvideos.com/c/Arab-159', b'0', '[\"https://www.xvideos.com/\",\"https://www.xvideos.com/c/Arab-159\"]'), ('https://www.xvideos.com/c/Asian+Woman-32', b'0', '[\"https://www.xvideos.com/\",\"https://www.xvideos.com/c/Asian+Woman-32\"]'), ('https://www.xvideos.com/c/ASMR-229', b'0', '[\"https://www.xvideos.com/\",\"https://www.xvideos.com/c/ASMR-229\"]'), ('https://www.xvideos.com/c/Ass-14', b'0', '[\"https://www.xvideos.com/\",\"https://www.xvideos.com/c/Ass-14\"]'), ('https://www.xvideos.com/c/bbw-51', b'0', '[\"https://www.xvideos.com/\",\"https://www.xvideos.com/c/bbw-51\"]'), ('https://www.xvideos.com/c/Bi+Sexual-62', b'0', '[\"https://www.xvideos.com/\",\"https://www.xvideos.com/c/Bi+Sexual-62\"]'), ('https://www.xvideos.com/c/Big+Ass-24', b'0', '[\"https://www.xvideos.com/\",\"https://www.xvideos.com/c/Big+Ass-24\"]'), ('https://www.xvideos.com/c/Big+Cock-34', b'0', '[\"https://www.xvideos.com/\",\"https://www.xvideos.com/c/Big+Cock-34\"]'), ('https://www.xvideos.com/c/Big+Tits-23', b'0', '[\"https://www.xvideos.com/\",\"https://www.xvideos.com/c/Big+Tits-23\"]'), ('https://www.xvideos.com/c/Black+Woman-30', b'0', '[\"https://www.xvideos.com/\",\"https://www.xvideos.com/c/Black+Woman-30\"]'), ('https://www.xvideos.com/c/Blonde-20', b'0', '[\"https://www.xvideos.com/\",\"https://www.xvideos.com/c/Blonde-20\"]'), ('https://www.xvideos.com/c/Blowjob-15', b'0', '[\"https://www.xvideos.com/\",\"https://www.xvideos.com/c/Blowjob-15\"]'), ('https://www.xvideos.com/c/Brunette-25', b'0', '[\"https://www.xvideos.com/\",\"https://www.xvideos.com/c/Brunette-25\"]'), ('https://www.xvideos.com/c/Cam+Porn-58', b'0', '[\"https://www.xvideos.com/\",\"https://www.xvideos.com/c/Cam+Porn-58\"]'), ('https://www.xvideos.com/c/Creampie-40', b'0', '[\"https://www.xvideos.com/\",\"https://www.xvideos.com/c/Creampie-40\"]'), ('https://www.xvideos.com/c/Cumshot-18', b'0', '[\"https://www.xvideos.com/\",\"https://www.xvideos.com/c/Cumshot-18\"]'), ('https://www.xvideos.com/c/Fisting-165', b'0', '[\"https://www.xvideos.com/\",\"https://www.xvideos.com/c/Fisting-165\"]'), ('https://www.xvideos.com/c/Fucked+Up+Family-81', b'0', '[\"https://www.xvideos.com/\",\"https://www.xvideos.com/c/Fucked+Up+Family-81\"]'), ('https://www.xvideos.com/c/Gangbang-69', b'0', '[\"https://www.xvideos.com/\",\"https://www.xvideos.com/c/Gangbang-69\"]'), ('https://www.xvideos.com/c/Gapes-167', b'0', '[\"https://www.xvideos.com/\",\"https://www.xvideos.com/c/Gapes-167\"]'), ('https://www.xvideos.com/c/Indian-89', b'0', '[\"https://www.xvideos.com/\",\"https://www.xvideos.com/c/Indian-89\"]'), ('https://www.xvideos.com/c/Interracial-27', b'0', '[\"https://www.xvideos.com/\",\"https://www.xvideos.com/c/Interracial-27\"]'), ('https://www.xvideos.com/c/Latina-16', b'0', '[\"https://www.xvideos.com/\",\"https://www.xvideos.com/c/Latina-16\"]'), ('https://www.xvideos.com/c/Lesbian-26', b'0', '[\"https://www.xvideos.com/\",\"https://www.xvideos.com/c/Lesbian-26\"]'), ('https://www.xvideos.com/c/Lingerie-83', b'0', '[\"https://www.xvideos.com/\",\"https://www.xvideos.com/c/Lingerie-83\"]'), ('https://www.xvideos.com/c/Mature-38', b'0', '[\"https://www.xvideos.com/\",\"https://www.xvideos.com/c/Mature-38\"]'), ('https://www.xvideos.com/c/Milf-19', b'0', '[\"https://www.xvideos.com/\",\"https://www.xvideos.com/c/Milf-19\"]'), ('https://www.xvideos.com/c/Oiled-22', b'0', '[\"https://www.xvideos.com/\",\"https://www.xvideos.com/c/Oiled-22\"]'), ('https://www.xvideos.com/c/Redhead-31', b'0', '[\"https://www.xvideos.com/\",\"https://www.xvideos.com/c/Redhead-31\"]'), ('https://www.xvideos.com/c/Solo+%26+Masturbation-33', b'0', '[\"https://www.xvideos.com/\",\"https://www.xvideos.com/c/Solo+%26+Masturbation-33\"]'), ('https://www.xvideos.com/c/Squirting-56', b'0', '[\"https://www.xvideos.com/\",\"https://www.xvideos.com/c/Squirting-56\"]'), ('https://www.xvideos.com/c/Stockings-28', b'0', '[\"https://www.xvideos.com/\",\"https://www.xvideos.com/c/Stockings-28\"]'), ('https://www.xvideos.com/c/Teen-13', b'0', '[\"https://www.xvideos.com/\",\"https://www.xvideos.com/c/Teen-13\"]'), ('https://www.xvideos.com/camporn-channel/astrokittie', b'0', '[\"https://www.xvideos.com/\",\"https://www.xvideos.com/camporn-channel/astrokittie\"]'), ('https://www.xvideos.com/camporn-channel/siswet', b'0', '[\"https://www.xvideos.com/\",\"https://www.xvideos.com/camporn-channel/siswet\"]'), ('https://www.xvideos.com/channel/alljapanesepass', b'0', '[\"https://www.xvideos.com/\",\"https://www.xvideos.com/channel/alljapanesepass\"]'), ('https://www.xvideos.com/channel/asianstreetmeat', b'0', '[\"https://www.xvideos.com/\",\"https://www.xvideos.com/channel/asianstreetmeat\"]'), ('https://www.xvideos.com/channel/barebackstudios', b'0', '[\"https://www.xvideos.com/\",\"https://www.xvideos.com/channel/barebackstudios\"]'), ('https://www.xvideos.com/channel/big-tits-at-school', b'0', '[\"https://www.xvideos.com/\",\"https://www.xvideos.com/channel/big-tits-at-school\"]'), ('https://www.xvideos.com/channel/blissedxxx', b'0', '[\"https://www.xvideos.com/\",\"https://www.xvideos.com/channel/blissedxxx\"]'), ('https://www.xvideos.com/channel/chinamommyfantasies', b'0', '[\"https://www.xvideos.com/\",\"https://www.xvideos.com/channel/chinamommyfantasies\"]'), ('https://www.xvideos.com/channel/clubdom', b'0', '[\"https://www.xvideos.com/\",\"https://www.xvideos.com/channel/clubdom\"]'), ('https://www.xvideos.com/channel/eroticfemaledomination', b'0', '[\"https://www.xvideos.com/\",\"https://www.xvideos.com/channel/eroticfemaledomination\"]'), ('https://www.xvideos.com/channel/footsie-babes', b'0', '[\"https://www.xvideos.com/\",\"https://www.xvideos.com/channel/footsie-babes\"]'), ('https://www.xvideos.com/channel/japan-hd', b'0', '[\"https://www.xvideos.com/\",\"https://www.xvideos.com/channel/japan-hd\"]'), ('https://www.xvideos.com/channel/markdugni', b'0', '[\"https://www.xvideos.com/\",\"https://www.xvideos.com/channel/markdugni\"]'), ('https://www.xvideos.com/channel/mmm100', b'0', '[\"https://www.xvideos.com/\",\"https://www.xvideos.com/channel/mmm100\"]'), ('https://www.xvideos.com/channel/mvgcash', b'0', '[\"https://www.xvideos.com/\",\"https://www.xvideos.com/channel/mvgcash\"]'), ('https://www.xvideos.com/channel/primalfetish', b'0', '[\"https://www.xvideos.com/\",\"https://www.xvideos.com/channel/primalfetish\"]'), ('https://www.xvideos.com/channel/sexy-hub-1', b'0', '[\"https://www.xvideos.com/\",\"https://www.xvideos.com/channel/sexy-hub-1\"]'), ('https://www.xvideos.com/channel/smashing-asians', b'0', '[\"https://www.xvideos.com/\",\"https://www.xvideos.com/channel/smashing-asians\"]'), ('https://www.xvideos.com/channel/thesandfly', b'0', '[\"https://www.xvideos.com/\",\"https://www.xvideos.com/channel/thesandfly\"]'), ('https://www.xvideos.com/channel/tourofbootydotcom-1', b'0', '[\"https://www.xvideos.com/\",\"https://www.xvideos.com/channel/tourofbootydotcom-1\"]'), ('https://www.xvideos.com/channel/wtfpass', b'0', '[\"https://www.xvideos.com/\",\"https://www.xvideos.com/channel/wtfpass\"]'), ('https://www.xvideos.com/channel/wwwtebuxcom', b'0', '[\"https://www.xvideos.com/\",\"https://www.xvideos.com/channel/wwwtebuxcom\"]'), ('https://www.xvideos.com/channel/young-libertines', b'0', '[\"https://www.xvideos.com/\",\"https://www.xvideos.com/channel/young-libertines\"]'), ('https://www.xvideos.com/channel/zenra-subtitled-japanese-av', b'0', '[\"https://www.xvideos.com/\",\"https://www.xvideos.com/channel/zenra-subtitled-japanese-av\"]'), ('https://www.xvideos.com/channels-index', b'0', '[\"https://www.xvideos.com/\",\"https://www.xvideos.com/channels-index\"]'), ('https://www.xvideos.com/gay', b'0', '[\"https://www.xvideos.com/\",\"https://www.xvideos.com/gay\"]'), ('https://www.xvideos.com/model-channels/alaska_moon', b'0', '[\"https://www.xvideos.com/\",\"https://www.xvideos.com/model-channels/alaska_moon\"]'), ('https://www.xvideos.com/model-channels/beautyxx', b'0', '[\"https://www.xvideos.com/\",\"https://www.xvideos.com/model-channels/beautyxx\"]'), ('https://www.xvideos.com/model-channels/lattike', b'0', '[\"https://www.xvideos.com/\",\"https://www.xvideos.com/model-channels/lattike\"]'), ('https://www.xvideos.com/my-subs/videos', b'0', '[\"https://www.xvideos.com/\",\"https://www.xvideos.com/my-subs/videos\"]'), ('https://www.xvideos.com/new/1', b'0', '[\"https://www.xvideos.com/\",\"https://www.xvideos.com/new/1\"]'), ('https://www.xvideos.com/new/1/', b'0', '[\"https://www.xvideos.com/\",\"https://www.xvideos.com/new/1/\"]'), ('https://www.xvideos.com/new/10', b'0', '[\"https://www.xvideos.com/\",\"https://www.xvideos.com/new/10\"]'), ('https://www.xvideos.com/new/11', b'0', '[\"https://www.xvideos.com/\",\"https://www.xvideos.com/new/11\"]'), ('https://www.xvideos.com/new/12', b'0', '[\"https://www.xvideos.com/\",\"https://www.xvideos.com/new/12\"]'), ('https://www.xvideos.com/new/13', b'0', '[\"https://www.xvideos.com/\",\"https://www.xvideos.com/new/13\"]'), ('https://www.xvideos.com/new/14', b'0', '[\"https://www.xvideos.com/\",\"https://www.xvideos.com/new/14\"]'), ('https://www.xvideos.com/new/15', b'0', '[\"https://www.xvideos.com/\",\"https://www.xvideos.com/new/15\"]'), ('https://www.xvideos.com/new/16', b'0', '[\"https://www.xvideos.com/\",\"https://www.xvideos.com/new/16\"]'), ('https://www.xvideos.com/new/17', b'0', '[\"https://www.xvideos.com/\",\"https://www.xvideos.com/new/17\"]'), ('https://www.xvideos.com/new/18', b'0', '[\"https://www.xvideos.com/\",\"https://www.xvideos.com/new/18\"]'), ('https://www.xvideos.com/new/19', b'0', '[\"https://www.xvideos.com/\",\"https://www.xvideos.com/new/19\"]'), ('https://www.xvideos.com/new/2', b'0', '[\"https://www.xvideos.com/\",\"https://www.xvideos.com/new/2\"]'), ('https://www.xvideos.com/new/20', b'0', '[\"https://www.xvideos.com/\",\"https://www.xvideos.com/new/20\"]'), ('https://www.xvideos.com/new/3', b'0', '[\"https://www.xvideos.com/\",\"https://www.xvideos.com/new/3\"]'), ('https://www.xvideos.com/new/4', b'0', '[\"https://www.xvideos.com/\",\"https://www.xvideos.com/new/4\"]'), ('https://www.xvideos.com/new/5', b'0', '[\"https://www.xvideos.com/\",\"https://www.xvideos.com/new/5\"]'), ('https://www.xvideos.com/new/6', b'0', '[\"https://www.xvideos.com/\",\"https://www.xvideos.com/new/6\"]'), ('https://www.xvideos.com/new/7', b'0', '[\"https://www.xvideos.com/\",\"https://www.xvideos.com/new/7\"]'), ('https://www.xvideos.com/new/8', b'0', '[\"https://www.xvideos.com/\",\"https://www.xvideos.com/new/8\"]'), ('https://www.xvideos.com/new/9', b'0', '[\"https://www.xvideos.com/\",\"https://www.xvideos.com/new/9\"]'), ('https://www.xvideos.com/porn/viet_nam', b'0', '[\"https://www.xvideos.com/\",\"https://www.xvideos.com/porn/viet_nam\"]'), ('https://www.xvideos.com/pornstar-channel/ladyoulala', b'0', '[\"https://www.xvideos.com/\",\"https://www.xvideos.com/pornstar-channel/ladyoulala\"]'), ('https://www.xvideos.com/pornstar-channels/antonia-sainz', b'0', '[\"https://www.xvideos.com/\",\"https://www.xvideos.com/pornstar-channels/antonia-sainz\"]'), ('https://www.xvideos.com/pornstar-channels/leilani-lei', b'0', '[\"https://www.xvideos.com/\",\"https://www.xvideos.com/pornstar-channels/leilani-lei\"]'), ('https://www.xvideos.com/pornstars-index', b'0', '[\"https://www.xvideos.com/\",\"https://www.xvideos.com/pornstars-index\"]'), ('https://www.xvideos.com/profiles/assandpussy1995', b'0', '[\"https://www.xvideos.com/\",\"https://www.xvideos.com/profiles/assandpussy1995\"]'), ('https://www.xvideos.com/profiles/cuong-sim', b'0', '[\"https://www.xvideos.com/\",\"https://www.xvideos.com/profiles/cuong-sim\"]'), ('https://www.xvideos.com/profiles/emilyjanetk', b'0', '[\"https://www.xvideos.com/\",\"https://www.xvideos.com/profiles/emilyjanetk\"]'), ('https://www.xvideos.com/profiles/gallymaster', b'0', '[\"https://www.xvideos.com/\",\"https://www.xvideos.com/profiles/gallymaster\"]'), ('https://www.xvideos.com/profiles/girlchanh_no1', b'0', '[\"https://www.xvideos.com/\",\"https://www.xvideos.com/profiles/girlchanh_no1\"]'), ('https://www.xvideos.com/profiles/horpet56e', b'0', '[\"https://www.xvideos.com/\",\"https://www.xvideos.com/profiles/horpet56e\"]'), ('https://www.xvideos.com/profiles/jpmyqqw', b'0', '[\"https://www.xvideos.com/\",\"https://www.xvideos.com/profiles/jpmyqqw\"]'), ('https://www.xvideos.com/profiles/koreaa121', b'0', '[\"https://www.xvideos.com/\",\"https://www.xvideos.com/profiles/koreaa121\"]'), ('https://www.xvideos.com/profiles/leminhpassion1009', b'0', '[\"https://www.xvideos.com/\",\"https://www.xvideos.com/profiles/leminhpassion1009\"]'), ('https://www.xvideos.com/profiles/michaelscofield1024', b'0', '[\"https://www.xvideos.com/\",\"https://www.xvideos.com/profiles/michaelscofield1024\"]'), ('https://www.xvideos.com/profiles/mirwanhadi', b'0', '[\"https://www.xvideos.com/\",\"https://www.xvideos.com/profiles/mirwanhadi\"]'), ('https://www.xvideos.com/profiles/nhanghi69dotcom', b'0', '[\"https://www.xvideos.com/\",\"https://www.xvideos.com/profiles/nhanghi69dotcom\"]'), ('https://www.xvideos.com/profiles/prwatchfreex', b'0', '[\"https://www.xvideos.com/\",\"https://www.xvideos.com/profiles/prwatchfreex\"]'), ('https://www.xvideos.com/profiles/suresh2555', b'0', '[\"https://www.xvideos.com/\",\"https://www.xvideos.com/profiles/suresh2555\"]'), ('https://www.xvideos.com/profiles/swingerclubhn', b'0', '[\"https://www.xvideos.com/\",\"https://www.xvideos.com/profiles/swingerclubhn\"]'), ('https://www.xvideos.com/profiles/tinh1giocom', b'0', '[\"https://www.xvideos.com/\",\"https://www.xvideos.com/profiles/tinh1giocom\"]'), ('https://www.xvideos.com/profiles/traidamthemgai', b'0', '[\"https://www.xvideos.com/\",\"https://www.xvideos.com/profiles/traidamthemgai\"]'), ('https://www.xvideos.com/profiles/vltn71', b'0', '[\"https://www.xvideos.com/\",\"https://www.xvideos.com/profiles/vltn71\"]'), ('https://www.xvideos.com/profiles/wtfpass', b'0', '[\"https://www.xvideos.com/\",\"https://www.xvideos.com/video10911387/2625079/0/first_sexual_experiment_on_sex_party\",\"https://www.xvideos.com/profiles/wtfpass\"]'), ('https://www.xvideos.com/profiles/yeuphe', b'0', '[\"https://www.xvideos.com/\",\"https://www.xvideos.com/profiles/yeuphe\"]'), ('https://www.xvideos.com/profileslist', b'0', '[\"https://www.xvideos.com/\",\"https://www.xvideos.com/profileslist\"]'), ('https://www.xvideos.com/shemale', b'0', '[\"https://www.xvideos.com/\",\"https://www.xvideos.com/shemale\"]'), ('https://www.xvideos.com/switch-theme', b'0', '[\"https://www.xvideos.com/\",\"https://www.xvideos.com/switch-theme\"]'), ('https://www.xvideos.com/tags', b'0', '[\"https://www.xvideos.com/\",\"https://www.xvideos.com/tags\"]'), ('https://www.xvideos.com/tags/anal', b'0', '[\"https://www.xvideos.com/\",\"https://www.xvideos.com/video10911387/2625079/0/first_sexual_experiment_on_sex_party\",\"https://www.xvideos.com/tags/anal\"]'), ('https://www.xvideos.com/tags/blonde', b'0', '[\"https://www.xvideos.com/\",\"https://www.xvideos.com/video10911387/2625079/0/first_sexual_experiment_on_sex_party\",\"https://www.xvideos.com/tags/blonde\"]'), ('https://www.xvideos.com/tags/blowjob', b'0', '[\"https://www.xvideos.com/\",\"https://www.xvideos.com/video10911387/2625079/0/first_sexual_experiment_on_sex_party\",\"https://www.xvideos.com/tags/blowjob\"]'), ('https://www.xvideos.com/tags/brunette', b'0', '[\"https://www.xvideos.com/\",\"https://www.xvideos.com/video10911387/2625079/0/first_sexual_experiment_on_sex_party\",\"https://www.xvideos.com/tags/brunette\"]'), ('https://www.xvideos.com/tags/college', b'0', '[\"https://www.xvideos.com/\",\"https://www.xvideos.com/video10911387/2625079/0/first_sexual_experiment_on_sex_party\",\"https://www.xvideos.com/tags/college\"]'), ('https://www.xvideos.com/tags/deep', b'0', '[\"https://www.xvideos.com/\",\"https://www.xvideos.com/video10911387/2625079/0/first_sexual_experiment_on_sex_party\",\"https://www.xvideos.com/tags/deep\"]'), ('https://www.xvideos.com/tags/dp', b'0', '[\"https://www.xvideos.com/\",\"https://www.xvideos.com/video10911387/2625079/0/first_sexual_experiment_on_sex_party\",\"https://www.xvideos.com/tags/dp\"]'), ('https://www.xvideos.com/tags/fuck', b'0', '[\"https://www.xvideos.com/\",\"https://www.xvideos.com/video10911387/2625079/0/first_sexual_experiment_on_sex_party\",\"https://www.xvideos.com/tags/fuck\"]'), ('https://www.xvideos.com/tags/group', b'0', '[\"https://www.xvideos.com/\",\"https://www.xvideos.com/video10911387/2625079/0/first_sexual_experiment_on_sex_party\",\"https://www.xvideos.com/tags/group\"]'), ('https://www.xvideos.com/tags/heels', b'0', '[\"https://www.xvideos.com/\",\"https://www.xvideos.com/video10911387/2625079/0/first_sexual_experiment_on_sex_party\",\"https://www.xvideos.com/tags/heels\"]'), ('https://www.xvideos.com/tags/lesbian', b'0', '[\"https://www.xvideos.com/\",\"https://www.xvideos.com/video10911387/2625079/0/first_sexual_experiment_on_sex_party\",\"https://www.xvideos.com/tags/lesbian\"]'), ('https://www.xvideos.com/tags/licking', b'0', '[\"https://www.xvideos.com/\",\"https://www.xvideos.com/video10911387/2625079/0/first_sexual_experiment_on_sex_party\",\"https://www.xvideos.com/tags/licking\"]'), ('https://www.xvideos.com/tags/lingerie', b'0', '[\"https://www.xvideos.com/\",\"https://www.xvideos.com/video10911387/2625079/0/first_sexual_experiment_on_sex_party\",\"https://www.xvideos.com/tags/lingerie\"]'), ('https://www.xvideos.com/tags/real', b'0', '[\"https://www.xvideos.com/\",\"https://www.xvideos.com/video10911387/2625079/0/first_sexual_experiment_on_sex_party\",\"https://www.xvideos.com/tags/real\"]'), ('https://www.xvideos.com/tags/reality', b'0', '[\"https://www.xvideos.com/\",\"https://www.xvideos.com/video10911387/2625079/0/first_sexual_experiment_on_sex_party\",\"https://www.xvideos.com/tags/reality\"]'), ('https://www.xvideos.com/tags/strip', b'0', '[\"https://www.xvideos.com/\",\"https://www.xvideos.com/video10911387/2625079/0/first_sexual_experiment_on_sex_party\",\"https://www.xvideos.com/tags/strip\"]'), ('https://www.xvideos.com/tags/throat', b'0', '[\"https://www.xvideos.com/\",\"https://www.xvideos.com/video10911387/2625079/0/first_sexual_experiment_on_sex_party\",\"https://www.xvideos.com/tags/throat\"]'), ('https://www.xvideos.com/verified/videos', b'0', '[\"https://www.xvideos.com/\",\"https://www.xvideos.com/verified/videos\"]'), ('https://www.xvideos.com/video10911387/2625079/0/first_sexual_experiment_on_sex_party', b'1', '[\"https://www.xvideos.com/\",\"https://www.xvideos.com/video10911387/2625079/0/first_sexual_experiment_on_sex_party\"]'), ('https://www.xvideos.com/video10911387/2625321/0/first_sexual_experiment_on_sex_party', b'0', '[\"https://www.xvideos.com/\",\"https://www.xvideos.com/video10911387/2625321/0/first_sexual_experiment_on_sex_party\"]'), ('https://www.xvideos.com/video11970003/2625321/0/thesandfly_strokin_on_the_shores_', b'0', '[\"https://www.xvideos.com/\",\"https://www.xvideos.com/video11970003/2625321/0/thesandfly_strokin_on_the_shores_\"]'), ('https://www.xvideos.com/video1226689/2625321/0/megan_jones_bust_his_nuts', b'0', '[\"https://www.xvideos.com/\",\"https://www.xvideos.com/video1226689/2625321/0/megan_jones_bust_his_nuts\"]'), ('https://www.xvideos.com/video13077495/2625321/0/mai_satsuki_has_cunt_licked_and_fucked', b'0', '[\"https://www.xvideos.com/\",\"https://www.xvideos.com/video13077495/2625321/0/mai_satsuki_has_cunt_licked_and_fucked\"]'), ('https://www.xvideos.com/video13571221/2625321/0/liv_aguilera_shows_her_silky_feet..', b'0', '[\"https://www.xvideos.com/\",\"https://www.xvideos.com/video13571221/2625321/0/liv_aguilera_shows_her_silky_feet..\"]'), ('https://www.xvideos.com/video16169845/2625321/0/gaiviet-btlx0046', b'0', '[\"https://www.xvideos.com/\",\"https://www.xvideos.com/video16169845/2625321/0/gaiviet-btlx0046\"]'), ('https://www.xvideos.com/video16756111/2625079/0/em_yen_tto', b'0', '[\"https://www.xvideos.com/\",\"https://www.xvideos.com/video16756111/2625079/0/em_yen_tto\"]'), ('https://www.xvideos.com/video16756111/2625321/0/em_yen_tto', b'0', '[\"https://www.xvideos.com/\",\"https://www.xvideos.com/video16756111/2625321/0/em_yen_tto\"]'), ('https://www.xvideos.com/video18561731/2625321/0/laid_over_tube_site', b'0', '[\"https://www.xvideos.com/\",\"https://www.xvideos.com/video18561731/2625321/0/laid_over_tube_site\"]'), ('https://www.xvideos.com/video22386227/2625321/0/slutty_bimbos_enjoy_having_their_dripping_wet_cunts_pleasured_with_toys', b'0', '[\"https://www.xvideos.com/\",\"https://www.xvideos.com/video22386227/2625321/0/slutty_bimbos_enjoy_having_their_dripping_wet_cunts_pleasured_with_toys\"]'), ('https://www.xvideos.com/video22423617/2625321/0/vietnam_collection_-_am_me_sex_viet_tu_quay_quay_len_-_video_4', b'0', '[\"https://www.xvideos.com/\",\"https://www.xvideos.com/video22423617/2625321/0/vietnam_collection_-_am_me_sex_viet_tu_quay_quay_len_-_video_4\"]'), ('https://www.xvideos.com/video24226173/2625321/0/sexy_asian_babe_going_crazy_for_black_dick_in_her_pussy', b'0', '[\"https://www.xvideos.com/\",\"https://www.xvideos.com/video24226173/2625321/0/sexy_asian_babe_going_crazy_for_black_dick_in_her_pussy\"]'), ('https://www.xvideos.com/video24418603/2625321/0/ruby_red_asian_with_trim_pubes', b'0', '[\"https://www.xvideos.com/\",\"https://www.xvideos.com/video24418603/2625321/0/ruby_red_asian_with_trim_pubes\"]'), ('https://www.xvideos.com/video25680621/2625079/0/amazing_perfect_blonde_cop_brutal_ass_fucking_at_the_beach', b'0', '[\"https://www.xvideos.com/\",\"https://www.xvideos.com/video25680621/2625079/0/amazing_perfect_blonde_cop_brutal_ass_fucking_at_the_beach\"]'), ('https://www.xvideos.com/video25680621/2625321/0/amazing_perfect_blonde_cop_brutal_ass_fucking_at_the_beach', b'0', '[\"https://www.xvideos.com/\",\"https://www.xvideos.com/video25680621/2625321/0/amazing_perfect_blonde_cop_brutal_ass_fucking_at_the_beach\"]'), ('https://www.xvideos.com/video26839205/2625079/0/googlevideoname', b'0', '[\"https://www.xvideos.com/\",\"https://www.xvideos.com/video26839205/2625079/0/googlevideoname\"]'), ('https://www.xvideos.com/video26839205/2625321/0/googlevideoname', b'0', '[\"https://www.xvideos.com/\",\"https://www.xvideos.com/video26839205/2625321/0/googlevideoname\"]'), ('https://www.xvideos.com/video27600033/2625321/0/my_asian_japanese_sex_doll_is_hotter_than_my_ex_love_doll', b'0', '[\"https://www.xvideos.com/\",\"https://www.xvideos.com/video27600033/2625321/0/my_asian_japanese_sex_doll_is_hotter_than_my_ex_love_doll\"]'), ('https://www.xvideos.com/video28403235/2625321/0/1.5_litres_water_and_23_minutes_desperating_with_piss_when_i_cant_hold_it_more', b'0', '[\"https://www.xvideos.com/\",\"https://www.xvideos.com/video28403235/2625321/0/1.5_litres_water_and_23_minutes_desperating_with_piss_when_i_cant_hold_it_more\"]'), ('https://www.xvideos.com/video28471501/2625321/0/molly_jane_in_fucking_daddy_while_mommy_sleeps', b'0', '[\"https://www.xvideos.com/\",\"https://www.xvideos.com/video28471501/2625321/0/molly_jane_in_fucking_daddy_while_mommy_sleeps\"]'), ('https://www.xvideos.com/video29130335/2625321/0/harriet_sugarcookie_plays_her_pussy', b'0', '[\"https://www.xvideos.com/\",\"https://www.xvideos.com/video29130335/2625321/0/harriet_sugarcookie_plays_her_pussy\"]'), ('https://www.xvideos.com/video29164163/2625321/0/mommy_s_lap_sitting_fantasy_for_her_cross-dressing_little_boy_lift_and_carry', b'0', '[\"https://www.xvideos.com/\",\"https://www.xvideos.com/video29164163/2625321/0/mommy_s_lap_sitting_fantasy_for_her_cross-dressing_little_boy_lift_and_carry\"]'), ('https://www.xvideos.com/video29205905/2625321/0/39_dit_em_vu_moi_nhu', b'0', '[\"https://www.xvideos.com/\",\"https://www.xvideos.com/video29205905/2625321/0/39_dit_em_vu_moi_nhu\"]'), ('https://www.xvideos.com/video29469589/2625321/0/nu_sinh_va_ban_trai_chich_nhau_trong_nha_nghi', b'0', '[\"https://www.xvideos.com/\",\"https://www.xvideos.com/video29469589/2625321/0/nu_sinh_va_ban_trai_chich_nhau_trong_nha_nghi\"]'), ('https://www.xvideos.com/video29630721/2625321/0/x-sensual_-_asa_belle_more_pleasure_for_two', b'0', '[\"https://www.xvideos.com/\",\"https://www.xvideos.com/video29630721/2625321/0/x-sensual_-_asa_belle_more_pleasure_for_two\"]'), ('https://www.xvideos.com/video30057215/2625321/0/shy_japanese_teen_squeeks_while_she_cums', b'0', '[\"https://www.xvideos.com/\",\"https://www.xvideos.com/video30057215/2625321/0/shy_japanese_teen_squeeks_while_she_cums\"]'), ('https://www.xvideos.com/video30061123/2625321/0/voayer_and_antonia_sainz', b'0', '[\"https://www.xvideos.com/\",\"https://www.xvideos.com/video30061123/2625321/0/voayer_and_antonia_sainz\"]'), ('https://www.xvideos.com/video30177629/2625079/0/brazzers_-_big_tits_at_school_-_a_big_titted_bully_scene_starring_quinn_wilde_and_johnny_castle', b'0', '[\"https://www.xvideos.com/\",\"https://www.xvideos.com/video30177629/2625079/0/brazzers_-_big_tits_at_school_-_a_big_titted_bully_scene_starring_quinn_wilde_and_johnny_castle\"]'), ('https://www.xvideos.com/video30177629/2625321/0/brazzers_-_big_tits_at_school_-_a_big_titted_bully_scene_starring_quinn_wilde_and_johnny_castle', b'0', '[\"https://www.xvideos.com/\",\"https://www.xvideos.com/video30177629/2625321/0/brazzers_-_big_tits_at_school_-_a_big_titted_bully_scene_starring_quinn_wilde_and_johnny_castle\"]'), ('https://www.xvideos.com/video30244855/2625321/0/rap_quay_tay', b'0', '[\"https://www.xvideos.com/\",\"https://www.xvideos.com/video30244855/2625321/0/rap_quay_tay\"]'), ('https://www.xvideos.com/video30330829/2625321/0/xem_lon_gai', b'0', '[\"https://www.xvideos.com/\",\"https://www.xvideos.com/video30330829/2625321/0/xem_lon_gai\"]'), ('https://www.xvideos.com/video30474847/2625321/0/my_thai_wife_asiansunshine_and_her_young_kik_...she_looks_at_me_here...', b'0', '[\"https://www.xvideos.com/\",\"https://www.xvideos.com/video30474847/2625321/0/my_thai_wife_asiansunshine_and_her_young_kik_...she_looks_at_me_here...\"]'), ('https://www.xvideos.com/video30962721/2625321/0/s01e09_-_amazing_sex_with_my_special_friend_lea_from_china', b'0', '[\"https://www.xvideos.com/\",\"https://www.xvideos.com/video30962721/2625321/0/s01e09_-_amazing_sex_with_my_special_friend_lea_from_china\"]'), ('https://www.xvideos.com/video31320815/2625321/0/horny_for_bbc_again_', b'0', '[\"https://www.xvideos.com/\",\"https://www.xvideos.com/video31320815/2625321/0/horny_for_bbc_again_\"]'), ('https://www.xvideos.com/video32693971/2625079/0/mom_stockings_and_heels_milf_desperate_for_younger_cock_in_her_soft_pussy', b'0', '[\"https://www.xvideos.com/\",\"https://www.xvideos.com/video32693971/2625079/0/mom_stockings_and_heels_milf_desperate_for_younger_cock_in_her_soft_pussy\"]'), ('https://www.xvideos.com/video32693971/2625321/0/mom_stockings_and_heels_milf_desperate_for_younger_cock_in_her_soft_pussy', b'0', '[\"https://www.xvideos.com/\",\"https://www.xvideos.com/video32693971/2625321/0/mom_stockings_and_heels_milf_desperate_for_younger_cock_in_her_soft_pussy\"]'), ('https://www.xvideos.com/video33061123/2625321/0/vk_uong_tinh_trung', b'0', '[\"https://www.xvideos.com/\",\"https://www.xvideos.com/video33061123/2625321/0/vk_uong_tinh_trung\"]'), ('https://www.xvideos.com/video33744543/2625321/0/3934055_hq', b'0', '[\"https://www.xvideos.com/\",\"https://www.xvideos.com/video33744543/2625321/0/3934055_hq\"]'), ('https://www.xvideos.com/video33936675/2625321/0/anal_loving_english_milf_classy_filth_provides_the_best_hangover_cure_', b'0', '[\"https://www.xvideos.com/\",\"https://www.xvideos.com/video33936675/2625321/0/anal_loving_english_milf_classy_filth_provides_the_best_hangover_cure_\"]'), ('https://www.xvideos.com/video34221567/2625321/0/webcam', b'0', '[\"https://www.xvideos.com/\",\"https://www.xvideos.com/video34221567/2625321/0/webcam\"]'), ('https://www.xvideos.com/video34340955/2625321/0/riley_reid_gets_erotic_massage_and_happy_ending', b'0', '[\"https://www.xvideos.com/\",\"https://www.xvideos.com/video34340955/2625321/0/riley_reid_gets_erotic_massage_and_happy_ending\"]'), ('https://www.xvideos.com/video34485833/2625079/0/em_gai_lop_11', b'0', '[\"https://www.xvideos.com/\",\"https://www.xvideos.com/video34485833/2625079/0/em_gai_lop_11\"]'), ('https://www.xvideos.com/video34485833/2625321/0/em_gai_lop_11', b'0', '[\"https://www.xvideos.com/\",\"https://www.xvideos.com/video34485833/2625321/0/em_gai_lop_11\"]'), ('https://www.xvideos.com/video34754571/2625079/0/phang_em_hotgirl_ren_la_cuc_phe', b'0', '[\"https://www.xvideos.com/\",\"https://www.xvideos.com/video34754571/2625079/0/phang_em_hotgirl_ren_la_cuc_phe\"]'), ('https://www.xvideos.com/video34754571/2625321/0/phang_em_hotgirl_ren_la_cuc_phe', b'0', '[\"https://www.xvideos.com/\",\"https://www.xvideos.com/video34754571/2625321/0/phang_em_hotgirl_ren_la_cuc_phe\"]'), ('https://www.xvideos.com/video34889605/2625079/0/phattest_puffy_teen_pussy_ever_', b'0', '[\"https://www.xvideos.com/\",\"https://www.xvideos.com/video34889605/2625079/0/phattest_puffy_teen_pussy_ever_\"]'), ('https://www.xvideos.com/video34889605/2625321/0/phattest_puffy_teen_pussy_ever_', b'0', '[\"https://www.xvideos.com/\",\"https://www.xvideos.com/video34889605/2625321/0/phattest_puffy_teen_pussy_ever_\"]'), ('https://www.xvideos.com/video34959607/2625321/0/best_korean_milf', b'0', '[\"https://www.xvideos.com/\",\"https://www.xvideos.com/video34959607/2625321/0/best_korean_milf\"]'), ('https://www.xvideos.com/video35116863/2625321/0/tour_of_booty_-_don_t_judge_us_we_were_horny_and_she_was_desperate', b'0', '[\"https://www.xvideos.com/\",\"https://www.xvideos.com/video35116863/2625321/0/tour_of_booty_-_don_t_judge_us_we_were_horny_and_she_was_desperate\"]'), ('https://www.xvideos.com/video35484813/2625321/0/female_cops_with_massive_tits_and_asses_get_banged_by_black_stud', b'0', '[\"https://www.xvideos.com/\",\"https://www.xvideos.com/video35484813/2625321/0/female_cops_with_massive_tits_and_asses_get_banged_by_black_stud\"]'), ('https://www.xvideos.com/video35521797/2625079/0/webcams', b'1', '[\"https://www.xvideos.com/\",\"https://www.xvideos.com/video35521797/2625079/0/webcams\"]'), ('https://www.xvideos.com/video35521797/2625321/0/webcams', b'0', '[\"https://www.xvideos.com/\",\"https://www.xvideos.com/video35521797/2625321/0/webcams\"]'), ('https://www.xvideos.com/video35539463/2625079/0/missionary_sex_alaska_moon_redhead', b'1', '[\"https://www.xvideos.com/\",\"https://www.xvideos.com/video35539463/2625079/0/missionary_sex_alaska_moon_redhead\"]'), ('https://www.xvideos.com/video35539463/2625321/0/missionary_sex_alaska_moon_redhead', b'0', '[\"https://www.xvideos.com/\",\"https://www.xvideos.com/video35539463/2625321/0/missionary_sex_alaska_moon_redhead\"]'), ('https://www.xvideos.com/video35558965/2625321/THUMBNUM/_', b'0', '[\"https://www.xvideos.com/\",\"https://www.xvideos.com/video35558965/2625321/THUMBNUM/_\"]'), ('https://www.xvideos.com/video35579613/2625079/0/jav_star_asahi_mizuno_cmnf_erotic_oil_massage_subtitled', b'1', '[\"https://www.xvideos.com/\",\"https://www.xvideos.com/video35579613/2625079/0/jav_star_asahi_mizuno_cmnf_erotic_oil_massage_subtitled\"]'), ('https://www.xvideos.com/video35579613/2625321/0/jav_star_asahi_mizuno_cmnf_erotic_oil_massage_subtitled', b'0', '[\"https://www.xvideos.com/\",\"https://www.xvideos.com/video35579613/2625321/0/jav_star_asahi_mizuno_cmnf_erotic_oil_massage_subtitled\"]'), ('https://www.xvideos.com/video35607947/2625079/0/phien_quan_chay_loan_full_at_openload.co_f_dhgsannafnq_', b'1', '[\"https://www.xvideos.com/\",\"https://www.xvideos.com/video35607947/2625079/0/phien_quan_chay_loan_full_at_openload.co_f_dhgsannafnq_\"]'), ('https://www.xvideos.com/video35607947/2625321/0/phien_quan_chay_loan_full_at_openload.co_f_dhgsannafnq_', b'0', '[\"https://www.xvideos.com/\",\"https://www.xvideos.com/video35607947/2625321/0/phien_quan_chay_loan_full_at_openload.co_f_dhgsannafnq_\"]'), ('https://www.xvideos.com/video35618049/2625321/0/japanese_teen_-_asian_hentai_in_3d', b'0', '[\"https://www.xvideos.com/\",\"https://www.xvideos.com/video35618049/2625321/0/japanese_teen_-_asian_hentai_in_3d\"]'), ('https://www.xvideos.com/video35623877/2625321/0/dick_flash_to_coworker_-_ends_in_a_ballbusting_.', b'0', '[\"https://www.xvideos.com/\",\"https://www.xvideos.com/video35623877/2625321/0/dick_flash_to_coworker_-_ends_in_a_ballbusting_.\"]'), ('https://www.xvideos.com/video35630523/2625321/0/asian_service_trollop', b'0', '[\"https://www.xvideos.com/\",\"https://www.xvideos.com/video35630523/2625321/0/asian_service_trollop\"]'), ('https://www.xvideos.com/videos-i-like', b'0', '[\"https://www.xvideos.com/\",\"https://www.xvideos.com/videos-i-like\"]');
COMMIT;

-- ----------------------------
--  Table structure for `t_article`
-- ----------------------------
DROP TABLE IF EXISTS `t_article`;
CREATE TABLE `t_article` (
  `id` int(32) NOT NULL AUTO_INCREMENT,
  `header` varchar(100) DEFAULT NULL,
  `name` varchar(60) DEFAULT NULL,
  `content` text,
  `author` varchar(30) DEFAULT NULL,
  `description` varchar(100) DEFAULT NULL,
  `is_published` int(1) DEFAULT NULL,
  `is_delete` int(1) DEFAULT NULL,
  `create_time` datetime DEFAULT NULL,
  `update_time` timestamp NOT NULL DEFAULT CURRENT_TIMESTAMP ON UPDATE CURRENT_TIMESTAMP,
  `user_id` varchar(100) NOT NULL DEFAULT '1',
  `category_id` int(2) NOT NULL,
  PRIMARY KEY (`id`)
) ENGINE=InnoDB AUTO_INCREMENT=12 DEFAULT CHARSET=utf8;

-- ----------------------------
--  Records of `t_article`
-- ----------------------------
BEGIN;
INSERT INTO `t_article` VALUES ('1', '我的世界', '世界', '内容', '作者', '简介', '1', '0', '2018-04-16 21:18:59', '2018-04-16 21:19:01', '1', '1'), ('2', 'Java Web实用技术', 'JavaScript闭包详解', 'JavaScript闭包详解', 'Jack', 'JavaScript闭包详解', '1', '0', '2018-04-16 23:56:15', '2018-04-16 23:56:17', '1', '2'), ('3', 'Java Web实用技术', 'SpringMVC入门教程', 'SpringMVC入门教程', 'Jack', 'SpringMVC入门教程', '1', '0', '2018-04-16 23:57:04', '2018-04-16 16:59:49', '1', '2'), ('4', 'Java Web实用技术', 'Maven安装', 'Maven安装', 'Jack', 'Maven安装', '1', '0', '2018-04-16 23:57:46', '2018-04-16 17:00:28', '1', '2'), ('5', 'Java Web实用技术', 'Tomcat安装', 'Tomcat安装', 'Jack', 'Tomcat安装', '1', '0', '2018-04-16 23:58:23', '2018-04-16 17:01:04', '1', '2'), ('6', '治愈力', '男人来自火星', '男人来自火星', 'Jack', '男人来自火星', '1', '0', '2018-04-16 23:58:23', '2018-04-16 17:14:08', '1', '3'), ('7', '治愈力', '女人来自金星', '女人来自金星', 'Jack', '女人来自金星', '1', '0', '2018-04-17 00:11:52', '2018-04-16 17:14:36', '1', '3'), ('8', '网盘里来了一个美女', '网盘里来了一个美女', '网盘里来了一个美女', '我就是我', '网盘里来了一个美女', null, null, null, '2018-04-23 01:04:46', '1', '1'), ('9', '网盘里来了一个美女', '网盘里来了一个美女', '网盘里来了一个美女', '我就是我', '网盘里来了一个美女', null, null, null, '2018-04-23 02:06:56', '1', '1'), ('10', '网盘里来了一个美女', '网盘里来了一个美女', '网盘里来了一个美女', '我就是我', '网盘里来了一个美女', null, null, null, '2018-04-23 02:07:09', '1', '1'), ('11', '网盘里来了一个美女', '网盘里来了一个美女', '网盘里来了一个美女', '我就是我', '网盘里来了一个美女', null, null, null, '2018-04-23 02:07:17', '1', '1');
COMMIT;

-- ----------------------------
--  Table structure for `t_category`
-- ----------------------------
DROP TABLE IF EXISTS `t_category`;
CREATE TABLE `t_category` (
  `category_id` int(11) NOT NULL AUTO_INCREMENT,
  `category_name` varchar(20) DEFAULT NULL,
  PRIMARY KEY (`category_id`)
) ENGINE=InnoDB AUTO_INCREMENT=4 DEFAULT CHARSET=utf8;

-- ----------------------------
--  Records of `t_category`
-- ----------------------------
BEGIN;
INSERT INTO `t_category` VALUES ('1', '连载小说'), ('2', '编程代码类'), ('3', '生活感悟');
COMMIT;

-- ----------------------------
--  Table structure for `t_user`
-- ----------------------------
DROP TABLE IF EXISTS `t_user`;
CREATE TABLE `t_user` (
  `id` varchar(30) NOT NULL,
  `username` varchar(20) DEFAULT NULL,
  `password` varchar(20) DEFAULT NULL,
  `headerpic` varchar(60) DEFAULT NULL,
  `email` varchar(60) DEFAULT NULL,
  `sex` varchar(2) DEFAULT NULL,
  `create_time` datetime DEFAULT NULL,
  `uodate_time` datetime DEFAULT NULL,
  `is_delete` int(1) DEFAULT NULL,
  `address` varchar(200) DEFAULT NULL,
  `telephone` varchar(15) DEFAULT NULL,
  PRIMARY KEY (`id`)
) ENGINE=InnoDB DEFAULT CHARSET=utf8;

-- ----------------------------
--  Records of `t_user`
-- ----------------------------
BEGIN;
INSERT INTO `t_user` VALUES ('1', 'admin', 'admin', '/icon.png', 'aunm123@yeah.net', '1', '2018-04-16 17:03:30', '2018-04-16 17:03:32', '0', '世界', '15521251749');
COMMIT;

-- ----------------------------
--  Table structure for `t_video`
-- ----------------------------
DROP TABLE IF EXISTS `t_video`;
CREATE TABLE `t_video` (
  `id` int(11) NOT NULL AUTO_INCREMENT,
  `name` varchar(128) DEFAULT NULL,
  `url` varchar(1024) DEFAULT NULL,
  `icon` varchar(1024) DEFAULT NULL,
  `createtime` datetime DEFAULT NULL,
  `updatetime` datetime DEFAULT CURRENT_TIMESTAMP,
  `category_id` int(11) DEFAULT NULL,
  PRIMARY KEY (`id`)
) ENGINE=InnoDB AUTO_INCREMENT=35618050 DEFAULT CHARSET=utf8;

-- ----------------------------
--  Records of `t_video`
-- ----------------------------
BEGIN;
INSERT INTO `t_video` VALUES ('10911387', 'first sexual experiment on sex party', 'https://vid-egc.xvideos-cdn.com/videos/mp4/f/9/a/xvideos.com_f9a218ad50ce3fa3a1af9fbce816dd0a-1.mp4?EBbd_g16jcZ2tcT-ulTMB55tSQ4x7pbScTI0ylkgbW8jEOPqSwQjq6Q4oDU291FQt06UtpSdYNg474yeSX5d-yzXwXxKCo9YSktIikLgqodS7Af8W_nJvdfwY8IrLUbskWhHo5UM3fYxLDoj-uiyUd_E33UtitbgvmslbCNp6biCARE_gRFUbpU4a_n1yS0zS-IhF3zbymaZsQ', 'https://img-hw.xvideos-cdn.com/videos/thumbslll/f9/a2/18/f9a218ad50ce3fa3a1af9fbce816dd0a/f9a218ad50ce3fa3a1af9fbce816dd0a.5.jpg', null, '2018-04-23 12:01:12', '1'), ('33617447', '秦先生第六部干的美女高呼：我不要了,我可以不要了吗,你的鸡巴要操死我了!全程淫荡对白下集', 'https://vid-egc.xvideos-cdn.com/videos/mp4/4/f/c/xvideos.com_4fcda9e0352413b37a4d960f1c83724f.mp4?NFsLxzy4d10Ql3QIXhYJ-kDb4rIi-MQYUv2WADG5QWBNaW_02Hmy8dVIXqkNfScLUVjF49VmnQruYZbPG_QbCt9Nw47k46rGaUJBdWtY3rsi4HuX-quhvHIqCvsZmsPLrhi6Qp6He-qr_oy21OjzLISmpkTRTz0PMnkPLm690c53hh740puWX9t_NoFFvRHrRAj5AHCtq1c', 'https://img-egc.xvideos-cdn.com/videos/thumbslll/4f/cd/a9/4fcda9e0352413b37a4d960f1c83724f/4fcda9e0352413b37a4d960f1c83724f.17.jpg', null, '2018-04-23 03:48:29', '1'), ('35521797', 'webcams', 'https://vid3-l3.xvideos-cdn.com/videos/mp4/9/a/1/xvideos.com_9a1e53a267886f1447841826731b3563.mp4?e=1524469927&ri=1024&rs=85&h=441800369e0bf56ef511cde44eaa37bc', 'https://img-egc.xvideos-cdn.com/videos/thumbslll/9a/1e/53/9a1e53a267886f1447841826731b3563/9a1e53a267886f1447841826731b3563.15.jpg', null, '2018-04-23 11:52:08', '1'), ('35539463', 'Missionary Sex Alaska Moon Redhead', 'https://vid-egc.xvideos-cdn.com/videos/mp4/8/3/d/xvideos.com_83d3f4a4500afecdfb99919210e0f352.mp4?rRVs1eKx4Uc3o6GdoJDzTsSrBXIJnZKVPfbnAHbNiLiLb_l7FSVqSt28tEc5mjRXuw7kXcERo5ckndBxQA8Byc8DUloD0h_dl-nFKsZyGDQXnZj2272fWTTiUhbqPQujfbxHUWOiWX83s3OtiPbW9esP5UBX6zQkWaZaxDXhqe_Gajsgu7SHGBQv01-tipHiDFAVOVQfIiU', 'https://img-egc.xvideos-cdn.com/videos/thumbslll/83/d3/f4/83d3f4a4500afecdfb99919210e0f352/83d3f4a4500afecdfb99919210e0f352.15.jpg', null, '2018-04-23 11:52:10', '1'), ('35579613', 'JAV star Asahi Mizuno CMNF erotic oil massage Subtitled', 'https://vid-egc.xvideos-cdn.com/videos/mp4/9/7/9/xvideos.com_9793965d3b9a326dbed6779d2a6414e5.mp4?KDewpFCiDxYEHHHRK3rsgkKIrElj-jti-jgmahJf2z2p0mverOoqDlyxZMqcfedyumRaskJF3LULvtjzuEw7I_Z0HjSsfxk-9L9xi7B8iMJ1nTN49Uxy6T4tQnuukFZugNEegurOWVRx_d2gcF8dN7AucFsSWQag474ZWNHtP1CcEKTR7uEGAdsBjrzuxOhH62iTuHu91aU', 'https://img-egc.xvideos-cdn.com/videos/thumbslll/97/93/96/9793965d3b9a326dbed6779d2a6414e5/9793965d3b9a326dbed6779d2a6414e5.15.jpg', null, '2018-04-23 11:52:13', '1'), ('35607947', 'Phien quan chay loan full at: openload.co/f/DHgSANnAfNQ/', 'https://vid4-l3.xvideos-cdn.com/videos/mp4/7/c/d/xvideos.com_7cd410b9ba8291baac7d2aa00eb56013.mp4?e=1524469936&ri=1024&rs=85&h=db6158f8adaf8118589d32f9b3a53a02', 'https://img-egc.xvideos-cdn.com/videos/thumbslll/7c/d4/10/7cd410b9ba8291baac7d2aa00eb56013/7cd410b9ba8291baac7d2aa00eb56013.15.jpg', null, '2018-04-23 11:52:17', '1');
COMMIT;

SET FOREIGN_KEY_CHECKS = 1;
